,NB,C45,SVML,SVMQ,Logistic,BN,RandF,RotF,MLP,Euclidean_1NN,DTW_R1_1NN,DTW_Rn_1NN,DDTW_R1_1NN,DDTW_Rn_1NN,ERP_1NN,LCSS_1NN,MSM_1NN,TWE_1NN,WDDTW_1NN,WDTW_1NN,DD_DTW,DTD_C,DTW_F,ST,LS,FS,BoP,SAXVSM,BOSS,TSF,TSBF,LPS,ACF,PS,EE,CID_DTW,Flat-COTE,HIVE-COTE
Adiac,0.544501279,0.492915601,0.410179028,0.734731458,0.621636829,0.49657289,0.646803069,0.753631714,0.728670077,0.617289003,0.603350384,0.615396419,0.583043478,0.671662404,0.62831202,0.241585678,0.635933504,0.639002558,0.667340153,0.616624041,0.668184143,0.667468031,0.604987212,0.768388747,0.527418384,0.55534524,0.591611253,0.45741688,0.749411765,0.707186701,0.726777494,0.764961637,0.657544757,0.741815857,0.664961637,0.627391304,0.809846547,0.815396419
ArrowHead,0.673371429,0.6384,0.811828571,0.807485714,0.713714286,0.705828571,0.7752,0.789257143,0.787771429,0.8408,0.719828571,0.828857143,0.8676,0.870742857,0.830571429,0.797085714,0.814628571,0.802114286,0.881142857,0.811257143,0.838057143,0.820457143,0.775828571,0.851142857,0.841314286,0.67548572,0.767085714,0.778857143,0.8752,0.789371429,0.800857143,0.806285714,0.694514286,0.724514286,0.859657143,0.829142857,0.8768,0.887657143
Beef,0.506333333,0.492666667,0.737,0.766,0.818,0.507333333,0.598666667,0.818666667,0.739333333,0.532666667,0.497,0.531666667,0.533,0.609666667,0.534,0.543,0.474,0.483,0.573666667,0.524333333,0.556666667,0.545666667,0.546,0.735666667,0.697666667,0.50200005,0.503,0.496,0.615,0.647666667,0.554333333,0.519666667,0.584666667,0.709333333,0.532,0.530666667,0.764,0.722666667
BeetleFly,0.746,0.6875,0.7625,0.769,0.75,0.743,0.7565,0.791,0.764,0.686,0.7785,0.7855,0.8115,0.8495,0.7445,0.7745,0.7935,0.787,0.8425,0.804,0.811,0.811,0.8525,0.8745,0.8615,0.7955,0.845,0.9085,0.9485,0.8425,0.7985,0.8925,0.7995,0.842,0.8225,0.806,0.921,0.959
BirdChicken,0.6285,0.7455,0.682,0.7445,0.6305,0.7515,0.772,0.7475,0.7085,0.693,0.8345,0.823,0.8775,0.853,0.78,0.7995,0.866,0.865,0.863,0.831,0.8405,0.831,0.865,0.927,0.8635,0.862,0.852,0.886,0.984,0.8385,0.902,0.854,0.8875,0.941,0.848,0.8485,0.941,0.9505
Car,0.580333333,0.5615,0.758333333,0.776166667,0.621833333,0.610166667,0.692333333,0.788333333,0.7805,0.724,0.665666667,0.714166667,0.734666667,0.750166667,0.7585,0.778666667,0.840666667,0.809333333,0.763333333,0.7195,0.7315,0.71,0.851333333,0.901833333,0.856333333,0.73649998,0.818333333,0.861333333,0.855,0.758333333,0.7955,0.835833333,0.555833333,0.5765,0.7995,0.714166667,0.899,0.9255
CBF,0.859688889,0.733922222,0.893722222,0.8961,0.815155556,0.868455556,0.900177778,0.897644444,0.867677778,0.870388889,0.993277778,0.974111111,0.564422222,0.544733333,0.978233333,0.983266667,0.972177778,0.975177778,0.554666667,0.993455556,0.992988889,0.961177778,0.978744444,0.985611111,0.977122222,0.92401111,0.9628,0.957466667,0.998066667,0.957711111,0.977277778,0.984466667,0.630777778,0.567411111,0.992977778,0.984355556,0.998011111,0.9994
ChlorineConcentration,0.402286458,0.673705729,0.586838542,0.904106771,0.860953125,0.593848958,0.711114583,0.845677083,0.869973958,0.651958333,0.645549479,0.6506875,0.680768229,0.690130208,0.664080729,0.698713542,0.625856771,0.649122396,0.684117188,0.648328125,0.700203125,0.702895833,0.657606771,0.6820625,0.5861875,0.5658334,0.63578125,0.657164062,0.659570313,0.718815104,0.683367188,0.641578125,0.640138021,0.7209375,0.658645833,0.6488125,0.735567708,0.725098958
CinCECGtorso,0.84734058,0.604398551,0.462173913,0.657043478,0.379057971,0.803043478,0.730615942,0.712007246,0.461695652,0.891282609,0.673623188,0.927528986,0.717007246,0.944065217,0.898724638,0.928456522,0.935485507,0.845876812,0.937855073,0.908463768,0.730876812,0.819702899,0.714224638,0.918268116,0.854702899,0.74097825,0.716101449,0.729869565,0.900387937,0.973741576,0.716398551,0.742797101,0.785630435,0.888007246,0.945905797,0.95426087,0.982717391,0.988036232
Coffee,0.953571429,0.885357143,0.999642857,0.998214286,0.967142857,0.961428571,0.978571429,0.994642857,0.999642857,0.981071429,0.988928571,0.981071429,0.957857143,0.981785714,0.981071429,0.978928571,0.945357143,0.9875,0.959642857,0.986428571,0.986071429,0.975357143,0.972857143,0.995,0.994642857,0.91714283,0.943571429,0.938214286,0.988571429,0.988571429,0.981785714,0.95,0.986428571,0.993928571,0.989285714,0.988928571,0.999642857,0.998214286
Computers,0.59536,0.58608,0.53892,0.55052,0.5382,0.6254,0.60588,0.66648,0.51104,0.57524,0.70044,0.68808,0.69964,0.68808,0.61176,0.64356,0.71316,0.69412,0.69628,0.68684,0.7246,0.72228,0.65904,0.78464,0.65432,0.5,0.68824,0.66556,0.80232,0.76808,0.76544,0.726,0.65472,0.68804,0.7316,0.70696,0.76968,0.81944
CricketX,0.368205128,0.334871795,0.399692308,0.481025641,0.199230769,0.320128205,0.623,0.619769231,0.506025641,0.578846154,0.764564103,0.774410256,0.602974359,0.617025641,0.758282051,0.755358974,0.778435897,0.750897436,0.622307692,0.779128205,0.76125641,0.75974359,0.769205128,0.777102564,0.744205128,0.47884617,0.574512821,0.715512821,0.763564103,0.691384615,0.730589744,0.695974359,0.583512821,0.568666667,0.801128205,0.770410256,0.814025641,0.830358974
CricketY,0.373487179,0.345538462,0.425153846,0.447051282,0.211282051,0.291769231,0.623846154,0.598897436,0.499410256,0.545307692,0.738,0.748538462,0.544820513,0.572589744,0.734435897,0.757025641,0.759871795,0.73425641,0.580487179,0.749974359,0.741871795,0.742205128,0.756333333,0.762179487,0.725564103,0.50902569,0.612384615,0.660128205,0.74925641,0.687948718,0.728333333,0.706179487,0.551846154,0.534717949,0.79425641,0.724512821,0.814948718,0.836974359
CricketZ,0.378,0.33474359,0.399871795,0.479230769,0.195230769,0.311025641,0.626897436,0.625692308,0.500871795,0.588897436,0.771846154,0.779025641,0.582025641,0.609974359,0.759051282,0.766128205,0.77925641,0.748358974,0.611153846,0.784384615,0.773051282,0.770897436,0.785179487,0.797781233,0.754051282,0.46599998,0.585461538,0.718820513,0.775717949,0.706717949,0.737589744,0.713589744,0.593948718,0.561948718,0.803564103,0.775846154,0.826897436,0.84774359
DiatomSizeReduction,0.867320261,0.732875817,0.949052288,0.944509804,0.922320261,0.934117647,0.890947712,0.880653595,0.945980392,0.94254902,0.958104575,0.943954248,0.913431372,0.919803922,0.943006536,0.934477124,0.939444444,0.946470588,0.917222222,0.957745098,0.957843137,0.939444444,0.942189542,0.91120915,0.927189542,0.87287579,0.853529412,0.843267974,0.939379085,0.94130719,0.890261438,0.914509804,0.860588235,0.855196078,0.946013072,0.943660131,0.924771242,0.941895425
DistalPhalanxOutlineCorrect,0.750289855,0.741376812,0.701413043,0.801195652,0.716376812,0.795398551,0.811449275,0.812028986,0.795797101,0.743586957,0.76115942,0.755905797,0.759311594,0.759384058,0.75115942,0.75615942,0.755797101,0.74884058,0.753043478,0.753550725,0.757427536,0.752898551,0.796231884,0.829347826,0.821521739,0.78032608,0.714601449,0.737028986,0.814601449,0.809456522,0.815615942,0.767355072,0.779021739,0.791014493,0.76826087,0.753333333,0.804565217,0.824855072
DistalPhalanxOutlineAgeGroup,0.815971223,0.737338129,0.774892086,0.741294964,0.668561151,0.824172662,0.824676259,0.806834532,0.76294964,0.730647482,0.744676259,0.732733813,0.712589928,0.699496403,0.73705036,0.776402878,0.753741007,0.741942446,0.698345324,0.734460432,0.733309353,0.736690647,0.759568345,0.819352518,0.810071942,0.74496401,0.73323741,0.774316547,0.814100719,0.81294964,0.811654676,0.741510791,0.808633094,0.790791367,0.767985611,0.726618705,0.821151079,0.826330935
DistalPhalanxTW,0.644532374,0.631438849,0.690503597,0.646834532,0.535539568,0.668705036,0.695179856,0.692158273,0.652158273,0.627553957,0.604604317,0.621366906,0.612158273,0.621582734,0.639064748,0.641294964,0.618273381,0.629640288,0.601151079,0.619136691,0.604460432,0.619208633,0.658273381,0.690431655,0.65942446,0.62330944,0.608345324,0.630071942,0.673021583,0.685683453,0.690431655,0.618273381,0.678633094,0.686115108,0.654100719,0.623453237,0.69323741,0.698201439
Earthquakes,0.691582734,0.696978417,0.680863309,0.736402878,0.664172662,0.609496403,0.748057554,0.759208633,0.70294964,0.682158273,0.703093525,0.695683453,0.715251799,0.70028777,0.682877698,0.715827338,0.695107914,0.684748201,0.695035971,0.695035971,0.707913669,0.70266187,0.747482014,0.737266187,0.742230216,0.74661828,0.748057554,0.737625899,0.745899281,0.746690647,0.746546763,0.667841727,0.748201439,0.748057554,0.734964029,0.694100719,0.746834532,0.746978417
ECG200,0.7882,0.7714,0.8291,0.8413,0.7537,0.7812,0.8253,0.8515,0.8294,0.8792,0.7987,0.8716,0.8117,0.8545,0.8658,0.8585,0.8769,0.882,0.8469,0.8637,0.8168,0.8254,0.8185,0.8402,0.8714,0.8061,0.7857,0.8354,0.8905,0.8682,0.8468,0.8075,0.8057,0.8406,0.881,0.8696,0.8729,0.8819
ECG5000,0.880817778,0.903555556,0.937308889,0.931337778,0.893551111,0.853351111,0.94042,0.941588889,0.936333333,0.92744,0.92564,0.927055556,0.917884444,0.925684444,0.928017778,0.937048889,0.929815556,0.927444444,0.925437778,0.927486667,0.926146667,0.926826667,0.939626667,0.943446667,0.940175556,0.92205775,0.909815556,0.914482222,0.940493333,0.943888889,0.937753333,0.91726,0.914975556,0.932928889,0.938568889,0.926771111,0.946104444,0.947255556
ECGFiveDays,0.777944251,0.730371661,0.939872242,0.934982578,0.883275261,0.768536585,0.795737515,0.860127758,0.928617886,0.811219512,0.760348432,0.835191638,0.6670964,0.684982578,0.813228804,0.865505227,0.879384437,0.799860627,0.699326365,0.823809524,0.751428571,0.856399535,0.907119628,0.954970964,0.984738676,0.98560978,0.90815331,0.918188153,0.983344948,0.921567944,0.848815331,0.839535424,0.950778165,0.984785134,0.847154472,0.823054588,0.986178862,0.989547038
ElectricDevices,0.570337181,0.686472572,0.543758267,0.67102451,0.515387109,0.518436001,0.745230191,0.787618986,0.645943457,0.694854105,0.771483595,0.783329011,0.754573985,0.773139671,0.770153028,0.735257424,0.824838542,0.776272857,0.779575931,0.791194398,0.775536247,0.786551679,0.874323576,0.895358579,0.708962521,0.26249683,0.77287641,0.698354299,0.799534864,0.804183634,0.808491765,0.853165608,0.792083721,0.741037479,0.83068733,0.77581896,0.882836478,0.889698969
FaceAll,0.830532544,0.63635503,0.854710059,0.885940828,0.752461538,0.808171598,0.901686391,0.904988166,0.850869822,0.878201183,0.943236686,0.957508876,0.916940828,0.936260355,0.957775148,0.979810651,0.986242603,0.960017751,0.940940828,0.960142012,0.945343195,0.942822485,0.962656805,0.967579882,0.926171598,0.77229583,0.938934911,0.964514793,0.974177515,0.949295858,0.941769231,0.961514793,0.79812426,0.877,0.975745562,0.955840237,0.989952662,0.996313609
FaceFour,0.786477273,0.648295455,0.867613636,0.861477273,0.810340909,0.913409091,0.887272727,0.853295455,0.867045455,0.778409091,0.848977273,0.850795455,0.718636364,0.732159091,0.862045455,0.947272727,0.92,0.845454545,0.744659091,0.860113636,0.845795455,0.802613636,0.909204545,0.793977273,0.957386364,0.86875003,0.9475,0.943409091,0.995568182,0.890568182,0.861818182,0.888863636,0.655909091,0.597613636,0.879318182,0.8325,0.850340909,0.949545455
FacesUCR,0.768712195,0.506921951,0.749887805,0.769087805,0.68857561,0.592414634,0.782556098,0.784097561,0.74455122,0.764229268,0.898507317,0.918370732,0.844878049,0.872819512,0.928839024,0.955629268,0.969629268,0.923097561,0.876956098,0.922678049,0.897907317,0.895009756,0.889068293,0.909326829,0.939302439,0.7007463,0.888434146,0.922692683,0.9506,0.89677561,0.849312195,0.910039024,0.695990244,0.793429268,0.948336585,0.909214634,0.96662439,0.983595122
FiftyWords,0.566593407,0.404703297,0.634887459,0.671208791,0.402783883,0.259802198,0.663406593,0.675318681,0.647098901,0.659274725,0.680615385,0.769846154,0.69432967,0.762593407,0.738021978,0.792395604,0.816725275,0.799494505,0.764483516,0.764747253,0.747868132,0.749428571,0.748373626,0.712989011,0.694461538,0.51193408,0.55021978,0.440725275,0.702197802,0.728,0.744395604,0.776153846,0.425824176,0.428461538,0.820725275,0.774483516,0.801186813,0.806791209
Fish,0.671714286,0.578285714,0.846971429,0.862171429,0.717257143,0.643942857,0.783771429,0.8588,0.864742857,0.801885714,0.7632,0.8144,0.891314286,0.909771429,0.862285714,0.862685714,0.896857143,0.893942857,0.916457143,0.817428571,0.921142857,0.898742857,0.931142857,0.974165091,0.939771429,0.74194287,0.891257143,0.940457143,0.968742857,0.8072,0.912571429,0.911657143,0.606114286,0.8112,0.913371429,0.8128,0.962228571,0.976228571
FordA,0.497234848,0.530234848,0.496356061,0.779931818,0.509643939,0.515878788,0.776068182,0.837234848,0.745469697,0.682310606,0.576939394,0.684469697,0.69769697,0.731522727,0.671689394,0.71619697,0.724727273,0.644204545,0.728636364,0.677265152,0.703409091,0.749772727,0.88405303,0.965356061,0.894969697,0.7846364,0.794242424,0.823189394,0.919537879,0.815606061,0.831030303,0.869477273,0.935280303,0.935651515,0.750560606,0.680583333,0.954583333,0.959681818
FordB,0.523049383,0.55317284,0.497123457,0.748037037,0.519901235,0.501037037,0.749716049,0.808185185,0.72654321,0.648432099,0.647296296,0.661185185,0.712938272,0.716691358,0.688,0.743691358,0.73045679,0.63137037,0.72008642,0.66254321,0.721493827,0.72037037,0.843004115,0.91508642,0.890407407,0.78319754,0.76087963,0.742728395,0.911037037,0.790098765,0.750604938,0.852320988,0.913246914,0.911518519,0.756925926,0.713728395,0.928580247,0.927160494
GunPoint,0.721866667,0.826733333,0.835466667,0.9262,0.823133333,0.8464,0.921733333,0.9236,0.9252,0.890733333,0.876,0.947133333,0.9822,0.973266667,0.923133333,0.934666667,0.9484,0.9526,0.982866667,0.955933333,0.954533333,0.962733333,0.9636,0.998666667,0.9826,0.92959998,0.970333333,0.959066667,0.994066667,0.961733333,0.964533333,0.971866667,0.780533333,0.9004,0.9742,0.9512,0.991866667,0.996666667
Ham,0.723142857,0.696380952,0.823238095,0.83,0.701047619,0.753333333,0.819142857,0.822285714,0.840666667,0.758285714,0.691619048,0.748571429,0.656761905,0.690666667,0.741809524,0.736952381,0.745238095,0.727238095,0.703428571,0.746571429,0.674952381,0.726,0.794571429,0.808380952,0.832285714,0.67657144,0.768952381,0.80247619,0.836,0.794952381,0.710666667,0.684952381,0.644571429,0.716761905,0.763428571,0.715428571,0.805238095,0.840761905
HandOutlines,0.830162162,0.848081081,0.889567568,0.893297297,0.836162162,0.84327027,0.897189189,0.912081081,0.695752896,0.852837838,0.855621622,0.85727027,0.785216216,0.853405405,0.851486487,0.859486486,0.864,0.858324324,0.860675676,0.855189189,0.868108108,0.854162162,0.915315315,0.923918919,0.836837838,0.84075671,0.866381015,0.877756757,0.902811,0.908621622,0.879486486,0.867540541,0.742459459,0.800459459,0.880054054,0.854864865,0.893945946,0.911972973
Haptics,0.42724026,0.358831169,0.421071429,0.426623377,0.336428571,0.417175325,0.46224026,0.469285714,0.445292208,0.386071429,0.390097403,0.408733766,0.308441558,0.323116883,0.416818182,0.405584416,0.443538961,0.435649351,0.326850649,0.406331169,0.377435065,0.385,0.463571429,0.511850649,0.477564935,0.3562987,0.380032468,0.422272727,0.459005641,0.466753247,0.463084416,0.415227273,0.393831169,0.414772727,0.450616883,0.415422078,0.516948052,0.530324675
Herring,0.56421875,0.55375,0.57859375,0.57921875,0.535625,0.56890625,0.58984375,0.60796875,0.580625,0.49578125,0.56609375,0.54484375,0.5371875,0.5053125,0.54515625,0.555625,0.55875,0.566875,0.51765625,0.55015625,0.5275,0.53234375,0.60921875,0.653432112,0.62796875,0.5578125,0.5546875,0.59375,0.6053125,0.60625,0.59046875,0.54859375,0.60234375,0.59359375,0.56625,0.54375,0.631875,0.63390625
InlineSkate,0.242672727,0.253127273,0.262927273,0.307272727,0.24,0.175563636,0.334363636,0.340345455,0.289381818,0.326090909,0.395054545,0.399818182,0.470072727,0.452727273,0.443236364,0.424472727,0.455145455,0.427436364,0.462818182,0.404490909,0.552527273,0.513636364,0.382163636,0.393018182,0.298527273,0.2569273,0.388272727,0.4066,0.502690909,0.378509091,0.377090909,0.448709091,0.463927273,0.411963636,0.476418182,0.427581818,0.526454546,0.525927273
InsectWingbeatSound,0.622914141,0.508949495,0.616454545,0.581383838,0.401070707,0.609717172,0.642757576,0.633131313,0.594116162,0.553055556,0.349469697,0.555414141,0.244474747,0.53129798,0.542333333,0.56519697,0.57039899,0.55340404,0.528151515,0.553464646,0.343,0.461161616,0.602121212,0.616535354,0.549909091,0.48813636,0.485171717,0.535959596,0.510252525,0.613005051,0.616010101,0.519090909,0.545191919,0.560328283,0.580979798,0.553621212,0.63890404,0.635393939
ItalyPowerDemand,0.9001069,0.948124393,0.964859086,0.960641399,0.938940719,0.937706511,0.963605442,0.967473275,0.953896987,0.95372206,0.922555879,0.951156463,0.886190476,0.955587949,0.948270165,0.937405248,0.936404276,0.938571429,0.924878523,0.933887269,0.919873664,0.938765792,0.947852284,0.953119534,0.952108844,0.90899904,0.87797862,0.816851312,0.866005831,0.957648202,0.926239067,0.913955296,0.820787172,0.893051506,0.950826045,0.949805637,0.970349854,0.967842566
LargeKitchenAppliances,0.504426667,0.536746667,0.43976,0.47944,0.37504,0.576026667,0.59624,0.622453333,0.356506667,0.523653333,0.796533333,0.788,0.77768,0.768453333,0.653066667,0.634586667,0.749066667,0.75224,0.77176,0.795253333,0.793282424,0.791466667,0.822986667,0.932506667,0.765466667,0.41922644,0.686986667,0.850666667,0.836586667,0.644373333,0.550586667,0.679653333,0.841893333,0.80112,0.81576,0.782986667,0.900026667,0.922693333
Lightning2,0.677704918,0.695901639,0.646229508,0.710819672,0.605245902,0.733606557,0.766885246,0.759836066,0.702131148,0.715737705,0.82295082,0.830655738,0.661967213,0.691147541,0.843934426,0.754918033,0.791639344,0.787540984,0.694918033,0.83704918,0.815081967,0.799672131,0.710163934,0.658852459,0.758852459,0.48032753,0.697213115,0.743934426,0.81,0.756721311,0.759836066,0.756557377,0.648688525,0.673442623,0.835245902,0.825737705,0.784754098,0.79704918
Lightning7,0.593287671,0.56,0.63260274,0.649315068,0.464794521,0.632054795,0.692465753,0.701232877,0.616438356,0.618219178,0.698356164,0.743561644,0.550410959,0.615753425,0.759041096,0.657808219,0.712739726,0.707808219,0.614931507,0.754109589,0.69369863,0.707260274,0.671232877,0.724383562,0.764657534,0.10136946,0.553287671,0.595479452,0.665616438,0.72260274,0.680273973,0.630821918,0.574794521,0.517534247,0.763424658,0.718767123,0.799452055,0.81109589
Mallat,0.827901919,0.700823028,0.904358209,0.903556503,0.749496802,0.957761194,0.909547974,0.94596162,0.870904051,0.933283582,0.942200426,0.943176972,0.917936034,0.933321962,0.932042644,0.929326226,0.917518124,0.929496802,0.924481876,0.945424307,0.95045629,0.946788913,0.928776119,0.97234968,0.951253731,0.89324518,0.852196162,0.850609808,0.948594689,0.936531372,0.951134328,0.908234542,0.854008529,0.919424307,0.960690832,0.954226013,0.97417484,0.975535181
Meat,0.970666667,0.9395,0.9965,0.995833333,0.992833333,0.977,0.979333333,0.993833333,0.999166667,0.981,0.971166667,0.979833333,0.759,0.820666667,0.981,0.610833333,0.976666667,0.975833333,0.789666667,0.970833333,0.9685,0.977666667,0.983333333,0.965666667,0.813666667,0.92416664,0.961666667,0.954,0.980333333,0.978333333,0.9825,0.968,0.927,0.923166667,0.9785,0.979666667,0.980833333,0.987166667
MedicalImages,0.460697368,0.622671053,0.608828947,0.682078947,0.478078947,0.431092105,0.719171053,0.755947368,0.665697368,0.700802632,0.741157895,0.748052632,0.664078947,0.668026316,0.695855263,0.686986842,0.756947368,0.724552632,0.676131579,0.751144737,0.737513158,0.755631579,0.701092105,0.691065789,0.703644737,0.60897373,0.509526316,0.477842105,0.714578947,0.757434211,0.700657895,0.709881579,0.671078947,0.655144737,0.760513158,0.742947368,0.785039474,0.815421053
MiddlePhalanxOutlineCorrect,0.654295533,0.731237113,0.70556701,0.824226804,0.709106529,0.741237113,0.797835052,0.819621993,0.81766323,0.77580756,0.713539519,0.775292096,0.72395189,0.780996564,0.773058419,0.753917526,0.751408935,0.765154639,0.77467354,0.753402062,0.7295189,0.776735395,0.797525773,0.815051546,0.822199313,0.71608245,0.715017182,0.707182131,0.808213058,0.79395189,0.800446735,0.77024055,0.717560137,0.79209622,0.781786942,0.776701031,0.801443299,0.808865979
MiddlePhalanxOutlineAgeGroup,0.683701299,0.559155844,0.716493506,0.568961039,0.510844156,0.695779221,0.68987013,0.668571429,0.574415584,0.583376623,0.568961039,0.57038961,0.575194805,0.590584415,0.578571428,0.705324675,0.56038961,0.569415584,0.588961039,0.566168831,0.576493506,0.580064935,0.580909091,0.693896104,0.679220779,0.61344171,0.572337662,0.620324675,0.665974026,0.676493506,0.672532468,0.596688312,0.715519481,0.69987013,0.608831169,0.571883117,0.722337662,0.704935065
MiddlePhalanxTW,0.558051948,0.485779221,0.588766234,0.523896104,0.444805195,0.551363636,0.572857143,0.567922078,0.515844156,0.492532468,0.50474026,0.495779221,0.50525974,0.506818182,0.485714286,0.565454545,0.499415584,0.49487013,0.522857143,0.509480519,0.510584416,0.504545455,0.519415584,0.579285714,0.54025974,0.51863643,0.491363636,0.539285714,0.537402597,0.577012987,0.568246753,0.503246753,0.576298701,0.581818182,0.525064935,0.499350649,0.586883117,0.571168831
MoteStrain,0.849736422,0.770359425,0.844536741,0.854976038,0.838785942,0.845646965,0.865399361,0.858578275,0.850015974,0.865982428,0.832060703,0.861653355,0.704249201,0.756277955,0.858610224,0.87821885,0.879560703,0.799345048,0.748714058,0.847675719,0.821118211,0.796789137,0.890766773,0.882340256,0.876054313,0.79281148,0.824177316,0.812531949,0.845998403,0.874408946,0.8864377,0.916549521,0.741253994,0.702507987,0.875071885,0.787180511,0.901621406,0.946813099
NonInvasiveFatalECGThorax1,0.807104326,0.703745547,0.918356234,0.925679389,0.747243427,0.80351145,0.877562341,0.899231552,0.925089059,0.821954198,0.788569975,0.819811705,0.698010178,0.709094148,0.829099237,0.816402036,0.817776081,0.817552163,0.718778626,0.816941476,0.813714692,0.837262087,0.876651935,0.946768448,0.599745547,0.71037665,0.68070229,0.540437659,0.840905852,0.880458015,0.842352276,0.806931298,0.715628499,0.869206107,0.848666667,0.797155216,0.92924173,0.931704835
NonInvasiveFatalECGThorax2,0.829430025,0.790956743,0.931887973,0.939201018,,0.826885496,0.910389504,0.928132316,0.939704835,0.888788804,0.860569975,0.884300254,0.825776081,0.846463104,0.89507888,0.881882952,0.893562341,0.888661578,0.852788804,0.887547074,0.880274809,0.881842239,0.89793045,0.953852417,0.738554707,0.75814759,0.745246819,0.610763359,0.903587786,0.914422392,0.862086514,0.825857506,0.743114504,0.887053435,0.913882952,0.86583715,0.946127946,0.952260519
OliveOil,0.863666667,0.763666667,0.89,0.893,0.883666667,0.895,0.906,0.888666667,0.897,0.877333333,0.860666667,0.876333333,0.783,0.783666667,0.877333333,0.4,0.872333333,0.864666667,0.782,0.868,0.85,0.869666667,0.863666667,0.880666667,0.171666667,0.76466666,0.846666667,0.846333333,0.87,0.883,0.864333333,0.891666667,0.758333333,0.820666667,0.879,0.876333333,0.901333333,0.897666667
OSULeaf,0.37553719,0.379834711,0.450247934,0.545619835,0.37214876,0.329628099,0.539338843,0.586735537,0.46285124,0.573099174,0.617272727,0.633842975,0.86892562,0.864628099,0.639214876,0.778595041,0.787231405,0.789669422,0.868429752,0.643305785,0.884504132,0.878553719,0.809049587,0.934090909,0.771322314,0.67933886,0.700041322,0.859834711,0.967396694,0.63661157,0.678099174,0.763471074,0.748429752,0.803057851,0.811570248,0.659504132,0.949132231,0.970495868
PhalangesOutlinesCorrect,0.651317016,0.740815851,0.648356643,0.7454662,0.695606061,0.741247086,0.818799534,0.832808858,0.818414918,0.768041958,0.751958042,0.765687646,0.751818182,0.78018648,0.766806527,0.746701632,0.759522145,0.763508159,0.779347319,0.763496503,0.7554662,0.770769231,0.792890443,0.794498834,0.783053613,0.72952218,0.716317016,0.683414918,0.820757576,0.804324009,0.825384615,0.78960373,0.721107226,0.75548951,0.780489511,0.765361305,0.782820513,0.821200466
Phoneme,0.149388186,0.067041139,0.092575138,0.094957806,0.078691983,0.112869198,0.153602321,0.127125527,0.090727848,0.103897679,0.22875,0.230374473,0.252811182,0.255337553,0.234831224,0.264578059,0.275342827,0.255374473,0.244841772,0.223312236,0.259836498,0.255363924,0.219694093,0.329055907,0.151582279,0.1727743,0.148011603,0.134182489,0.256186709,0.211304131,0.277869198,0.24492616,0.219483122,0.240669831,0.299166667,0.22060654,0.362030591,0.377183544
Plane,0.976190476,0.90447619,0.980190476,0.982285714,0.974190476,0.978571429,0.983333333,0.986285714,0.972285714,0.967238095,0.999619048,0.993714286,0.998857143,0.993904762,0.996,0.992761905,0.999333333,0.999904762,0.998857143,0.999619048,0.999619048,0.997619048,0.995809524,0.999619048,0.994761905,0.97000004,0.987142857,0.979904762,0.997904762,0.994095238,0.993238095,0.99952381,0.984095238,0.992571429,1,0.994761905,1,1
ProximalPhalanxOutlineCorrect,0.620756014,0.800068729,0.819278351,0.868316151,0.808659794,0.691546392,0.861237113,0.875395189,0.868281787,0.818247423,0.811924399,0.816219931,0.819003436,0.856701031,0.819106529,0.794879725,0.806426117,0.817319588,0.847457045,0.813676976,0.815360825,0.81395189,0.828556701,0.880927835,0.792817869,0.79728529,0.769072165,0.79862543,0.867388316,0.847388316,0.861237113,0.850549828,0.814501718,0.869587629,0.838934708,0.816769759,0.870859107,0.876254296
ProximalPhalanxOutlineAgeGroup,0.815219512,0.796146341,0.855463415,0.813658537,0.74804878,0.834341463,0.853414634,0.847170732,0.817804878,0.769609756,0.774585366,0.764536585,0.79004878,0.781365854,0.774878049,0.859756097,0.768878049,0.773951219,0.791121951,0.772536585,0.771317073,0.767414634,0.823658537,0.840878049,0.832146341,0.7971707,0.76995122,0.79595122,0.81897561,0.845609756,0.841512195,0.799707317,0.847170732,0.836195122,0.805268293,0.766195122,0.848390244,0.848487805
ProximalPhalanxTW,0.747804878,0.736146341,0.81502439,0.778195122,0.696439024,0.75395122,0.815512195,0.808,0.781609756,0.713414634,0.735414634,0.732048781,0.721658537,0.750439024,0.714585366,0.779560976,0.729073171,0.725902439,0.739853659,0.730585366,0.736682927,0.731658537,0.774243902,0.802780488,0.794097561,0.71634139,0.690243902,0.66702439,0.772829268,0.808439024,0.798243902,0.722195122,0.793219512,0.813170732,0.759121951,0.728634146,0.814682927,0.811560976
RefrigerationDevices,0.366773333,0.45592,0.355306667,0.36664,0.339013333,0.552426667,0.581333333,0.57008,0.365093333,0.425733333,0.57344,0.572693333,0.566986667,0.56568,0.690026667,0.670186667,0.70352,0.669546667,0.565866667,0.56952,0.602933333,0.595413333,0.656266667,0.7608,0.641866667,0.57376001,0.6488,0.629226667,0.784586667,0.61536,0.638426667,0.675466667,0.631226667,0.554906667,0.67592,0.586773333,0.74232,0.80096
ScreenType,0.435786667,0.403973333,0.414133333,0.412933333,0.36608,0.435706667,0.449306667,0.466426667,0.389466667,0.432426667,0.46928,0.464693333,0.546026667,0.554773333,0.4308,0.480053333,0.492986667,0.484186667,0.563333333,0.465493333,0.561544368,0.56056,0.499013333,0.676106667,0.444586667,0.3649865,0.436613333,0.523786667,0.585973333,0.572773333,0.537946667,0.505866667,0.516746667,0.52608,0.554293333,0.505706667,0.65128,0.710986667
ShapeletSim,0.494666667,0.494055556,0.493166667,0.492666667,0.493722222,0.488833333,0.488277778,0.487555556,0.491833333,0.504888889,0.652111111,0.651888889,0.561666667,0.661611111,0.763944444,0.882555556,0.849611111,0.679555556,0.682888889,0.681722222,0.632611111,0.664388889,0.887777778,0.933611111,0.933111111,1,0.832277778,0.808555556,1,0.509905156,0.912722222,0.874222222,0.887611111,0.747888889,0.827277778,0.754333333,0.963777778,0.991277778
ShapesAll,0.613,0.474783333,0.709576375,0.748983333,0.476481481,0.572166667,0.74735,0.75975,0.671066667,0.7539,0.763583333,0.80395,0.849416667,0.85575,0.809,0.859716667,0.874883333,0.8709,0.864866667,0.811366667,0.862116667,0.840216667,0.79585,0.854233333,0.7596,0.59843334,0.754866667,0.68715,0.9088,0.800083333,0.853466667,0.884533333,0.636133333,0.754716667,0.885933333,0.8181,0.910733333,0.925883333
SmallKitchenAppliances,0.571546667,0.613946667,0.501173333,0.48928,0.41168,0.617013333,0.634933333,0.71384,0.356373333,0.369653333,0.640186667,0.67448,0.636346667,0.67464,0.661306667,0.498,0.717493333,0.670213333,0.675813333,0.678506667,0.639653333,0.66864,0.752853333,0.80248,0.66296,0.333333,0.705973333,0.582426667,0.75024,0.812613333,0.673733333,0.723733333,0.69864,0.658106667,0.70328,0.679813333,0.78784,0.83712
SonyAIBORobotSurface1,0.887554077,0.724858569,0.846289517,0.84936772,0.88109817,0.816189684,0.746056572,0.813677205,0.85109817,0.785024958,0.800898502,0.804176373,0.768635607,0.74547421,0.813111481,0.751863561,0.76374376,0.715257903,0.771747088,0.811414309,0.805424293,0.800831947,0.883843594,0.887587354,0.906139767,0.91840275,0.764409318,0.754309484,0.897420965,0.844891847,0.839251248,0.841797005,0.900865225,0.883777038,0.794176373,0.914608985,0.899051581,0.886805324
SonyAIBORobotSurface2,0.811783841,0.758499475,0.85567681,0.860755509,0.818688353,0.817649528,0.844459601,0.845571878,0.859664218,0.854921301,0.846096537,0.855036726,0.862308499,0.851710388,0.851741868,0.830849948,0.877093389,0.853105981,0.861962225,0.853074502,0.862959077,0.865550892,0.858593914,0.924407135,0.899853095,0.84874089,0.845099685,0.827093389,0.887701994,0.856044071,0.825372508,0.851028332,0.906977964,0.91412382,0.870115425,0.893116474,0.959758657,0.945362015
StarlightCurves,0.795006071,0.908069451,0.921976688,0.936408451,0.888771248,0.77910272,0.952484216,0.969536183,0.861534726,0.853318358,0.914281204,0.908393638,0.965004857,0.964048082,0.862025255,0.859328558,0.882430792,0.882383439,0.964975716,0.912739194,0.965405537,0.963183584,0.959554395,0.977413793,0.887623847,0.9084252,0.942978388,0.841192326,0.977550996,0.968686255,0.977679699,0.96827829,0.961805488,0.953239437,0.941475231,0.915548924,0.979632103,0.981494594
Strawberry,0.795756757,0.940945946,0.956756757,0.972189189,0.95827027,0.857594595,0.966,0.974324324,0.965837838,0.956081081,0.955351351,0.955,0.959540541,0.958756757,0.955513513,0.866810811,0.957837838,0.957405405,0.958486486,0.954432432,0.955972973,0.955810811,0.969837838,0.968432432,0.924918919,0.91659465,0.964540541,0.969783784,0.970297297,0.962675676,0.968054054,0.963486486,0.883108108,0.952162162,0.958810811,0.955135135,0.963108108,0.969783784
SwedishLeaf,0.82288,0.634384,0.83424,0.861232,0.711696,0.818944,0.85768,0.884416,0.845936,0.77168,0.786416,0.84216,0.893696,0.905536,0.8668,0.888864,0.887312,0.88536,0.914848,0.858016,0.89608,0.895776,0.885472,0.938515897,0.898704,0.758464,0.783664,0.705584,0.917664,0.892016,0.90776,0.925632,0.8648,0.888032,0.915936,0.870176,0.966656,0.96864
Symbols,0.801949749,0.681778894,0.846321608,0.856653266,0.689135678,0.857859296,0.836170854,0.841809045,0.818371859,0.876361809,0.940763819,0.919507538,0.966080402,0.934924623,0.906130653,0.934241206,0.952140703,0.953477387,0.964462311,0.941688442,0.955567839,0.963105528,0.93001005,0.86159799,0.919246231,0.90803017,0.933286432,0.871085427,0.961165829,0.88758794,0.944301508,0.959809045,0.89601005,0.745718593,0.957417085,0.929648241,0.952653266,0.965788945
SyntheticControl,0.964366667,0.7787,0.944233333,0.9496,0.692333333,0.931233333,0.9593,0.966566667,0.922333333,0.902866667,0.991133333,0.9887,0.567433333,0.563,0.977733333,0.9694,0.981533333,0.9897,0.5662,0.989066667,0.990633333,0.992533333,0.985833333,0.9869,0.9946,0.91956668,0.925833333,0.869133333,0.967866667,0.990333333,0.986533333,0.971566667,0.657666667,0.606433333,0.993966667,0.9786,0.9992,0.9996
ToeSegmentation1,0.512807018,0.555570175,0.522763158,0.546052632,0.517587719,0.543157895,0.601052632,0.577982456,0.530175439,0.611973684,0.737631579,0.721973684,0.739342105,0.702280702,0.772280702,0.782675439,0.821315789,0.795921053,0.70877193,0.727894737,0.741754386,0.729035088,0.921973684,0.954035088,0.934342105,0.90407907,0.926184211,0.927894737,0.92877193,0.660964912,0.858245614,0.84122807,0.84504386,0.725701754,0.787587719,0.718026316,0.93372807,0.95504386
ToeSegmentation2,0.561769231,0.562076923,0.483153846,0.620307692,0.478461538,0.599538462,0.673384615,0.646,0.535,0.781,0.817692308,0.850923077,0.828846154,0.804076923,0.902153846,0.918153846,0.895153846,0.888461538,0.820538462,0.862153846,0.828,0.825846154,0.903769231,0.947153846,0.942615385,0.87276925,0.911692308,0.920846154,0.959692308,0.782384615,0.885769231,0.926384615,0.882,0.810769231,0.907,0.843923077,0.951461538,0.966384615
Trace,0.8534,0.7979,0.7844,0.8499,0.6699,0.8081,0.8328,0.9317,0.8307,0.7781,0.9997,0.9933,1,0.9951,0.9588,0.9809,0.956,0.974,1,0.9997,0.9997,0.9962,0.9974,0.9999,0.9962,0.9984,0.9769,0.9924,0.9999,0.998,0.9814,0.9665,0.9999,0.9539,0.996,0.9953,0.9999,1
TwoLeadECG,0.715583845,0.72856892,0.93,0.925847234,0.920316067,0.715592625,0.797067603,0.928217735,0.926040386,0.734863916,0.918305531,0.881316945,0.971000878,0.940316067,0.933696225,0.882677788,0.941273047,0.949947322,0.969692713,0.910061457,0.945627744,0.95808604,0.957506585,0.984442493,0.993608428,0.92041263,0.900535558,0.915531168,0.98453029,0.842159789,0.909648815,0.927945566,0.863151888,0.934907814,0.958489903,0.884705882,0.982528534,0.993494293
TwoPatterns,0.4693425,0.6322775,0.83485,0.8823575,0.76802,0.431485,0.8556775,0.927975,0.901525,0.9059475,1,0.999365,0.99769,0.99663,0.999685,0.998645,0.9986875,0.9992,0.99748,1,1,0.9995925,0.99952,0.9517175,0.9942025,0.696425,0.94442,0.8889625,0.9911625,0.9905425,0.974215,0.96687,0.4132425,0.4611425,0.99999,0.9991575,0.999795,0.9998775
UWaveGestureLibraryX,0.659648241,0.622049135,0.661250698,0.717303183,0.451733668,0.661194863,0.762118928,0.779209939,0.741968174,0.739704076,0.727585148,0.776954215,0.676046901,0.74032105,0.765335008,0.775220547,0.775424344,0.767372976,0.747632607,0.774740369,0.774290899,0.769123395,0.806264657,0.805946399,0.804140145,0.69449194,0.589363484,0.53340871,0.753213289,0.806418202,0.834371859,0.818699051,0.486264657,0.448894472,0.804701284,0.786507538,0.83054718,0.838369626
UWaveGestureLibraryY,0.551471245,0.56773311,0.622085427,0.638364042,0.394053601,0.583606924,0.704101061,0.716652708,0.669254606,0.664536572,0.623235623,0.695315466,0.58127024,0.659103853,0.676356784,0.689293691,0.689676159,0.680700726,0.665843104,0.687113345,0.709879955,0.693819095,0.716568956,0.736957007,0.718495254,0.59108881,0.511259073,0.438389168,0.661231156,0.727392518,0.745692351,0.752705193,0.477680067,0.444865997,0.73053043,0.71824679,0.765644891,0.775499721
UWaveGestureLibraryZ,0.569782245,0.573576214,0.611072027,0.659014517,0.385538805,0.581367951,0.710150754,0.728168621,0.678891681,0.660817979,0.656510329,0.687345059,0.588771636,0.672713568,0.685002792,0.693891681,0.701353992,0.687054718,0.680304299,0.684165271,0.695106086,0.689684534,0.736482412,0.746764377,0.737467895,0.63769407,0.56745952,0.480904523,0.695153546,0.740750977,0.775974316,0.76647962,0.486460078,0.472473479,0.726281407,0.712428811,0.759511446,0.77832775
UWaveGestureLibraryAll,0.879399777,0.782359017,0.890270798,0.932867113,0.704288107,0.891959799,0.941641541,0.946035734,0.931778336,0.943277499,0.895538805,0.959785036,0.845750977,0.923297041,0.952738694,0.960150754,0.95974316,0.943844221,0.930533222,0.960678392,0.933671133,0.931228364,0.962850363,0.942077052,0.679659408,0.7655528,0.813763261,0.800572306,0.944455611,0.961917923,0.943701843,0.967688442,0.531970966,0.65086823,0.968288666,0.904338358,0.964843663,0.969780877
Wafer,0.741437378,0.975653796,0.955371512,0.993111616,0.901179429,0.954162881,0.992847177,0.994915639,0.961254056,0.994878326,0.984046074,0.994961064,0.975238481,0.995123297,0.994664179,0.996130759,0.99550941,0.994042829,0.995694354,0.995637573,0.982916077,0.992293965,0.996150227,0.99983939,0.996280013,0.98118755,0.996572031,0.996411421,0.999020117,0.996501849,0.996134004,0.995121674,0.995520766,0.987741726,0.996868916,0.993792992,0.999445166,0.999656067
Wine,0.612777778,0.756481481,0.864814815,0.918148148,0.938518519,0.72537037,0.863518519,0.918518519,0.900555556,0.892962963,0.884259259,0.890740741,0.847592592,0.85,0.893888889,0.493703704,0.884444444,0.887962963,0.847407407,0.884629629,0.881481481,0.887392443,0.892037037,0.926111111,0.524074074,0.79444442,0.894444444,0.878148148,0.911666667,0.880555556,0.879259259,0.884259259,0.773703704,0.798703704,0.886666667,0.891296296,0.903518518,0.912037037
WordSynonyms,0.48161442,0.374043887,0.530109718,0.587351097,0.338981191,0.250141066,0.565579937,0.586112853,0.554341693,0.615172414,0.648761755,0.729968652,0.662115987,0.727962382,0.693808777,0.751332288,0.773103448,0.753291536,0.730485893,0.730752351,0.710125392,0.711661442,0.674216301,0.582382445,0.581159875,0.46141064,0.522836991,0.454623824,0.658761755,0.64346395,0.668981191,0.728134796,0.39369906,0.371003135,0.778401254,0.738338558,0.7480721,0.747962382
Worms,0.342727273,0.406883117,0.386753247,0.480779221,0.392467532,0.414025974,0.591948052,0.604675325,0.406103896,0.491038961,0.584025974,0.569480519,0.638181818,0.637922078,0.56038961,0.619870129,0.616103896,0.59,0.625454545,0.578571428,0.616883117,0.618961039,0.673376623,0.719480519,0.642467532,0.6224679,0.617272727,0.593246753,0.734935065,0.627922078,0.668441558,0.641558442,0.718831169,0.684155844,0.644415584,0.633376623,0.725064935,0.734025974
WormsTwoClass,0.545714286,0.60038961,0.544545455,0.592077922,0.569220779,0.561688312,0.628051948,0.656883117,0.598571429,0.624155844,0.681558441,0.66064935,0.708831169,0.71012987,0.67025974,0.715844156,0.712207792,0.662337662,0.689610389,0.677402597,0.709220779,0.702987013,0.73,0.778701299,0.735714286,0.70584445,0.744285714,0.721038961,0.80974026,0.685064935,0.754935065,0.742597403,0.77038961,0.759350649,0.717402597,0.735844156,0.785194805,0.783896104
Yoga,0.562523333,0.726993333,0.622966667,0.808596667,0.63441,0.629983333,0.835633333,0.85371,0.82729,0.840166667,0.848816667,0.85765,0.83143,0.835213333,0.864133333,0.865656667,0.888153333,0.88704,0.84082,0.857893333,0.8681,0.86608,0.863473333,0.82251,0.833126667,0.72128665,0.86186,0.835893333,0.90994,0.86701,0.834536667,0.873663333,0.783466667,0.719136667,0.885416667,0.857933333,0.8978,0.91702
